<?xml version="1.0" encoding="UTF-8"?>
<project-private xmlns="http://www.netbeans.org/ns/project-private/1">
    <editor-bookmarks xmlns="http://www.netbeans.org/ns/editor-bookmarks/2" lastBookmarkId="0"/>
    <open-files xmlns="http://www.netbeans.org/ns/projectui-open-files/2">
        <group>
            <file>file:/C:/JavaProgs/JavaSkillTrainingProjects/PredatorPreyGame/src/za/co/mecer/organism/ants/Ants.java</file>
            <file>file:/C:/JavaProgs/JavaSkillTrainingProjects/PredatorPreyGame/src/za/co/mecer/organism/dooglebugs/Dooglebugs.java</file>
            <file>file:/C:/JavaProgs/JavaSkillTrainingProjects/PredatorPreyGame/src/za/co/mecer/impl/Gaming.java</file>
            <file>file:/C:/JavaProgs/JavaSkillTrainingProjects/PredatorPreyGame/src/za/co/mecer/impl/Organisms.java</file>
            <file>file:/C:/JavaProgs/JavaSkillTrainingProjects/PredatorPreyGame/src/za/co/mecer/game/exceptions/GameException.java</file>
            <file>file:/C:/JavaProgs/JavaSkillTrainingProjects/PredatorPreyGame/src/za/co/mecer/PredatorPreyGame.java</file>
            <file>file:/C:/JavaProgs/JavaSkillTrainingProjects/PredatorPreyGame/src/za/co/mecer/organism/directions/Directions.java</file>
            <file>file:/C:/JavaProgs/JavaSkillTrainingProjects/PredatorPreyGame/src/za/co/mecer/organism/Organism.java</file>
            <file>file:/C:/JavaProgs/JavaSkillTrainingProjects/PredatorPreyGame/src/za/co/mecer/game/Game.java</file>
        </group>
    </open-files>
</project-private>
